"Track","StartUtc","EndUtc","Points"
"2018\[2018-02-03 13h55m50s]Export.gpx","2018-02-02T02:25:06Z","2018-02-03T23:55:28Z","6735"
"2018\[2018-02-03 17h16m52s]First Overlook.gpx","2018-02-03T21:01:59Z","2018-02-03T21:48:10Z","2717"
"2018\[2018-02-03 17h17m15s]First Waterfall.gpx","2018-02-03T21:51:31Z","2018-02-03T22:45:12Z","1886"
"2018\[2018-02-03 17h22m49s]Second Falls.gpx","2018-02-03T22:47:11Z","2018-02-03T23:55:28Z","2129"
"2018\[2018-02-05 07h43m50s]North Shore Loop.gpx","2018-02-04T23:33:10Z","2018-02-05T02:03:01Z","6252"
"2018\[2018-02-05 16h15m21s]Volcano National Park.gpx","2018-02-05T19:12:01Z","2018-02-06T01:35:30Z","16613"
"2018\[2018-02-06 16h39m35s]Ride The Rim.gpx","2018-02-06T18:39:52Z","2018-02-06T22:13:52Z","3790"
"2018\[2018-02-08 19h08m13s]Pearl Harbor (1).gpx","2018-02-08T21:02:19Z","2018-02-08T23:18:55Z","1659"
"2018\[2018-10-27 16h03m02s]Breckenridge (1).gpx","2018-10-27T17:39:58Z","2018-10-27T21:31:01Z","5884"
"2019\[2019-01-19 15h38m14s]Sedona - Sat afternoon.gpx","2019-01-19T20:48:50Z","2019-01-19T21:40:34Z","2290"
"2019\[2019-01-20 10h06m39s]Sedona - Sun morning.gpx","2019-01-20T15:21:58Z","2019-01-20T16:49:39Z","2900"
"2019\[2019-01-21 15h04m54s]Grand Canyon.gpx","2019-01-21T16:18:41Z","2019-01-21T18:46:07Z","4844"
"2019\[2019-01-22 09h54m28s]Flagstaff.gpx","2019-01-22T15:56:06Z","2019-01-22T16:47:21Z","2049"
"2019\[2019-01-23 17h16m26s]USA - NV - Laughlin.gpx","2019-01-22T15:56:06Z","2019-01-22T16:47:21Z","2049"
"2019\[2019-03-06 21h04m03s]USA - NV - Laughlin.gpx","2019-01-22T15:56:06Z","2019-01-22T16:47:21Z","2049"
"2019\[2019-01-24 13h37m56s]Lake Havasu.gpx","2019-01-24T16:58:41Z","2019-01-24T19:56:16Z","8710"
"2019\[2019-01-25 10h56m08s]East of Laughlin.gpx","2019-01-25T17:01:46Z","2019-01-25T17:55:58Z","1629"
"2019\[2019-01-26 14h23m50s]Hoover Dam.gpx","2019-01-26T21:05:12Z","2019-01-26T22:23:45Z","2623"
"2019\[2019-04-20 14h25m51s]Unlabeled Track.gpx","2019-04-06T17:50:58Z","2019-04-06T19:02:25Z","2666"
"2019\[2019-04-20 14h23m14s]Unlabeled Track.gpx","2019-04-06T20:28:05Z","2019-04-06T21:16:08Z","1434"
"2019\[2019-04-20 14h23m38s]Unlabeled Track.gpx","2019-04-06T23:28:40Z","2019-04-07T00:09:57Z","1761"
"2019\[2019-04-20 14h27m23s]Unlabeled Track.gpx","2019-04-07T11:07:20Z","2019-04-07T13:32:30Z","5026"
"2019\[2019-04-20 14h26m33s]Unlabeled Track.gpx","2019-04-07T13:32:46Z","2019-04-07T15:01:48Z","2492"
"2019\[2019-04-20 14h25m27s]Unlabeled Track.gpx","2019-04-07T16:13:37Z","2019-04-07T17:16:56Z","2378"
"2019\[2019-06-24 09h17m57s]Butterfield Canyon, UT.gpx","2019-06-24T01:40:29Z","2019-06-24T05:16:01Z","7564"
"2019\[2019-07-14 16h21m16s]Udvar-Hazy.gpx","2019-07-14T17:25:06Z","2019-07-14T18:47:26Z","823"
"2020\2020-01-04 - PR - San Juan - City Tour.gpx","2020-01-04T13:03:54Z","2020-01-04T16:35:37Z","8682"
"2020\2020-01-07 - Aruba.gpx","2020-01-07T13:18:14Z","2020-01-07T17:58:49Z","8182"
"2020\2020-01-08 - Curacao.gpx","2020-01-08T12:29:56Z","2020-01-08T15:57:28Z","4632"
"2020\2020-01-10 - St. Lucia.gpx","2020-01-10T14:03:16Z","2020-01-10T17:37:59Z","3024"
"2020\2020-01-11 - Barbados - Bridgetown.gpx","2020-01-11T14:44:06Z","2020-01-11T16:48:04Z","3340"
"2020\2020-01-13 - Guadeloupe - Pointe-à-Pitre.gpx","2020-01-13T13:33:48Z","2020-01-13T18:38:39Z","11421"
"2020\2020-01-14 - British Virgin Islands - Tortola.gpx","2020-01-14T12:41:49Z","2020-01-14T15:51:15Z","6361"
"2020\2020-11-25 - US - Virginia - Great Falls National Park.gpx","2020-11-25T19:08:22Z","2020-11-25T20:11:42Z","954"
"2021\2021-08 - Utah\[2021-08-06 20h24m33s]Antelope Island.gpx","2021-08-07T01:20:47Z","2021-08-07T02:23:09Z","1825"
"2021\2021-08 - Utah\[2021-08-08 18h46m10s]Southern Utah 2021-08-08.gpx","2021-08-08T13:25:07Z","2021-08-09T00:45:32Z","26334"
"2021\2021-08 - Utah\[2021-08-09 19h31m44s]Bryce back home.gpx","2021-08-09T13:28:28Z","2021-08-09T23:33:00Z","25348"
"2021\2021-09-19 - USA - MD - Great Falls\2021-09-19 - USA - MD - Great Falls.gpx","2021-09-19T10:55:47Z","2021-09-19T12:33:54Z","1803"
"2021\2021-11 - USA - UT - Southern Utah\2021-11-18 - USA - Utah - Snow Canyon State Park.gpx","2021-11-18T20:58:11Z","2021-11-18T23:51:19Z","5398"
"2021\2021-11 - USA - UT - Southern Utah\2021-11-19 - USA - Utah - Zion National Park.gpx","2021-11-19T14:44:54Z","2021-11-19T23:27:06Z","15459"
"2021\2021-11 - USA - UT - Southern Utah\2021-11-20 - USA - Utah - Cedar Breaks National Monument.gpx","2021-11-20T14:05:12Z","2021-11-20T21:24:52Z","16217"
"2022\2022-01 - USA - Hawaii\2022-01-11 - Waikoloa and points north.gpx","2022-01-11T19:57:01Z","2022-01-11T22:00:38Z","3855"
"2022\2022-01 - USA - Hawaii\2022-01-13 - Volcanoes National Park.gpx","2022-01-13T23:04:46Z","2022-01-14T02:06:23Z","6538"
"2022\2022-01 - USA - Hawaii\2022-01-14 - Hilo And NE Coast.gpx","2022-01-14T19:17:14Z","2022-01-14T23:57:58Z","9285"
"2022\2022-01 - USA - Hawaii\2022-01-15 - Captain Cook.gpx","2022-01-16T02:21:54Z","2022-01-16T07:56:34Z","8008"
"2022\2022-01 - USA - Hawaii\2022-01-16 - NW Shore.gpx","2022-01-16T19:19:28Z","2022-01-16T23:42:06Z","10412"
"2022\2022-01 - USA - Hawaii\2022-01-17 - Final Sunset Shots Around Kona.gpx","2022-01-18T01:51:23Z","2022-01-18T04:02:46Z","4486"
"2022\2022-06 - Europe - UK, Norway, Iceland\2022-06-10 - UK - England - London - Embankment.gpx","2022-06-10T10:17:11Z","2022-06-10T11:28:34Z","904"
"2022\2022-06 - Europe - UK, Norway, Iceland\2022-06-14 - UK - Scotland - Edinburgh.gpx","2022-06-14T09:49:03Z","2022-06-14T15:32:02Z","7647"
"2022\2022-06 - Europe - UK, Norway, Iceland\2022-06-15 - UK - Scotland - Inverness.gpx","2022-06-15T07:48:01Z","2022-06-15T13:25:10Z","9489"
"2022\2022-06 - Europe - UK, Norway, Iceland\2022-06-16 - UK - Scotland - Shetland Islands.gpx","2022-06-16T09:20:02Z","2022-06-16T12:51:40Z","7520"
"2022\2022-06 - Europe - UK, Norway, Iceland\2022-06-17 - Norway - Bergen.gpx","2022-06-17T08:23:22Z","2022-06-17T15:59:38Z","15977"
"2022\2022-06 - Europe - UK, Norway, Iceland\2022-06-18 - Norway - Ålesund.gpx","2022-06-18T07:52:16Z","2022-06-18T13:46:08Z","10650"
"2022\2022-06 - Europe - UK, Norway, Iceland\2022-06-21 - Iceland - Akureyri.gpx","2022-06-21T12:41:19Z","2022-06-21T16:45:06Z","8739"
"2022\2022-06 - Europe - UK, Norway, Iceland\2022-06-23 - Iceland - Golden Circle.gpx","2022-06-23T12:10:45Z","2022-06-23T18:49:45Z","14704"
"2022\2022-06 - Europe - UK, Norway, Iceland\2022-06-24 - Iceland - Reykjavik Hotel To KEF Airport.gpx","2022-06-24T07:32:07Z","2022-06-24T08:23:25Z","2620"
"2022\2022-09 - Canada - BC, AB - Canadian Rockies\2022-09-26- Kootenay National Park.gpx","2022-09-26T14:26:46Z","2022-09-26T22:21:57Z","17116"
"2022\2022-09 - Canada - BC, AB - Canadian Rockies\2022-09-27- Peyto Lake, Bow Lake, Yoho.gpx","2022-09-27T13:47:45Z","2022-09-27T21:19:36Z","13457"
"2022\2022-09 - Canada - BC, AB - Canadian Rockies\2022-09-27 - Moraine Lake at night.gpx","2022-09-28T00:42:22Z","2022-09-28T02:44:18Z","3999"
"2022\2022-09 - Canada - BC, AB - Canadian Rockies\2022-09-28 - Lake Louise, Lake Louise Chairlift, Banff Gondola.gpx","2022-09-28T13:43:29Z","2022-09-28T23:12:15Z","13483"
"2022\2022-09 - Canada - BC, AB - Canadian Rockies\2022-09-29 - Canada - Lake Louise to Waterton Lakes National Park.gpx","2022-09-29T15:25:07Z","2022-09-29T21:36:22Z","12526"
"2022\2022-09 - Canada - BC, AB - Canadian Rockies\2022-09-29 - Waterton Lakes - Prince of Wales Hotel and Cameron Lake.gpx","2022-09-29T22:43:27Z","2022-09-30T01:26:56Z","3025"
"2022\2022-09 - Canada - BC, AB - Canadian Rockies\2022-09-30 - Glacier NP.gpx","2022-09-30T15:27:13Z","2022-09-30T22:51:35Z","15852"
"2022\2022-12 - Panama Canal Cruise\2022-12 Cruise - Trace 01 - 2022-12-04 to 2022-12-07 - Cruise Segment 1 - Port Canaveral to Cartagena, Colombia.gpx","2022-12-04T15:53:54Z","2022-12-07T16:09:42Z","9118"
"2022\2022-12 - Panama Canal Cruise\2022-12 Cruise - Trace 02 - 2022-12-07 - Colombia - Cartagena.gpx","2022-12-07T16:10:19Z","2022-12-07T19:15:52Z","3146"
"2022\2022-12 - Panama Canal Cruise\2022-12 Cruise - Trace 03 - 2022-12-07 to 2022-12-08 - Cruise Segment 2 - Cartagena to Panama City -- CLEANED.gpx","2022-12-07T21:55:04Z","2022-12-09T02:47:30Z","6359"
"2022\2022-12 - Panama Canal Cruise\2022-12 Cruise - Trace 03 - 2022-12-07 to 2022-12-08 - Cruise Segment 2 - Cartagena to Panama City.gpx","2022-12-07T21:55:04Z","2022-12-09T02:47:30Z","6362"
"2022\2022-12 - Panama Canal Cruise\2022-12 Cruise - Trace 04 - 2022-12-09 - Panama - Panama City.gpx","2022-12-09T13:18:19Z","2022-12-09T17:44:46Z","8299"
"2022\2022-12 - Panama Canal Cruise\2022-12 Cruise - Trace 05 - 2022-12-09 to 2022-12-11 - Cruise Segment 3 - Panama City to Guatemala.gpx","2022-12-09T22:44:13Z","2022-12-11T17:24:03Z","8019"
"2022\2022-12 - Panama Canal Cruise\2022-12 Cruise - Trace 06 - 2022-12-11 - Guatemala - Puerto Quetzal.gpx","2022-12-11T19:17:57Z","2022-12-12T00:07:11Z","9377"
"2022\2022-12 - Panama Canal Cruise\2022-12 Cruise - Trace 07 - 2022-12-11 to 2022-12-13 - Cruise Segment 4 - Guatamala to Acapulco.gpx","2022-12-12T04:22:06Z","2022-12-13T13:04:25Z","1789"
"2022\2022-12 - Panama Canal Cruise\2022-12 Cruise - Trace 08 - 2022-12-13 - Mexico - Acapulco.gpx","2022-12-13T15:32:36Z","2022-12-13T19:42:55Z","9444"
"2022\2022-12 - Panama Canal Cruise\2022-12 Cruise - Trace 09 - 2022-12-13 to 2022-12-15 - Cruise Segment 5 - Acapulco to Puerto Vallarta.gpx","2022-12-14T00:18:55Z","2022-12-15T13:31:49Z","4180"
"2022\2022-12 - Panama Canal Cruise\2022-12 Cruise - Trace 10 - 2022-12-15 - Mexico - Puerto Vallarta.gpx","2022-12-15T14:08:17Z","2022-12-15T20:58:44Z","17449"
"2022\2022-12 - Panama Canal Cruise\2022-12 Cruise - Trace 11 - 2022-12-15 to 2022-12-16 - Cruise Segment 6 - Puerto Vallarta to Cabo San Lucas.gpx","2022-12-15T22:57:17Z","2022-12-16T14:36:09Z","1236"
"2022\2022-12 - Panama Canal Cruise\2022-12 Cruise - Trace 12 - 2022-12-16 - Mexico - Cabo San Lucas.gpx","2022-12-16T15:23:18Z","2022-12-16T20:25:53Z","10317"
"2022\2022-12 - Panama Canal Cruise\2022-12 Cruise - Trace 13 - 2022-12-16 to 2022-12-18 - Cruise Segment 7 - Cabo San Lucas to Los Angeles.gpx","2022-12-17T04:22:02Z","2022-12-18T14:36:29Z","688"
"2022\2022-12 - Panama Canal Cruise\2022-12 Cruise - Trace 14 - 2022-12-18 - Port of Long Beach to SNA Airport Hotel.gpx","2022-12-18T16:57:50Z","2022-12-18T17:47:56Z","1916"
"2023\2023-05 - USA - South Carolina - Charleston\2023-05-06 - USA - SC - Charleston.gpx","2023-05-06T18:52:52Z","2023-05-06T22:30:08Z","5934"
"2023\2023-09 - USA & Canada - Washington and BC\2023-09-10 01 - Morning Walk.gpx","2023-09-10T13:43:28Z","2023-09-10T14:31:25Z","1153"
"2023\2023-09 - USA & Canada - Washington and BC\2023-09–10 02 - McLane Creek Nature Trail.gpx","2023-09-10T16:40:49Z","2023-09-10T18:04:29Z","1280"
"2023\2023-09 - USA & Canada - Washington and BC\2023-09-11 01 - US - Washington - Olympia - Morning Walk.gpx","2023-09-11T13:43:41Z","2023-09-11T14:20:47Z","870"
"2023\2023-09 - USA & Canada - Washington and BC\2023-09-11 02 - US - Washington - Olympia To Ruby Beach.gpx","2023-09-11T16:46:54Z","2023-09-12T02:56:10Z","12602"
"2023\2023-09 - USA & Canada - Washington and BC\2023-09-12 - Ruby Beach to Forks.gpx","2023-09-12T16:49:32Z","2023-09-13T02:35:23Z","11236"
"2023\2023-09 - USA & Canada - Washington and BC\2023-09-13 - USA - WA - Forks.gpx","2023-09-13T13:17:01Z","2023-09-14T01:27:28Z","13894"
"2023\2023-09 - USA & Canada - Washington and BC\2023-09-14 - Forks, WA, US to Victoria, BC, CA.gpx","2023-09-14T15:38:18Z","2023-09-14T21:57:05Z","8116"
"2023\2023-09 - USA & Canada - Washington and BC\2023-09-15 - CA - BC - Victoria.gpx","2023-09-15T17:15:18Z","2023-09-15T20:36:09Z","8518"
"2023\2023-09 - USA & Canada - Washington and BC\2023-09-16 - Floral Gardens, Victoria, BC.gpx","2023-09-16T18:31:28Z","2023-09-16T21:11:43Z","3601"
"2023\2023-09 - USA & Canada - Washington and BC\2023-09-17 - Victoria, BC to N Vancouver, BC, CA.gpx","2023-09-17T15:41:29Z","2023-09-17T23:31:58Z","14556"
"2023\2023-11 - USA - Utah - Moab, Monument Valley\2023-11-15 02 - USA - Utah - Canyonlands NP.gpx","2023-09-18T18:04:42Z","2023-11-16T01:31:26Z","15354"
"2023\2023-11 - USA - Utah - Moab, Monument Valley\2023-11-14 - USA - Utah - Dead Horse Point SP, Canyonlands NP.gpx","2023-11-14T21:28:01Z","2023-11-15T00:47:56Z","8775"
"2023\2023-11 - USA - Utah - Moab, Monument Valley\2023-11-15 01 - USA - Utah - Arches NP.gpx","2023-11-15T13:51:23Z","2023-11-15T17:39:59Z","6983"
"2023\2023-11 - USA - Utah - Moab, Monument Valley\2023-11-16 01 - USA - Utah - Dead Horse Point SP.gpx","2023-11-16T13:59:46Z","2023-11-16T17:01:24Z","5277"
"2023\2023-11 - USA - Utah - Moab, Monument Valley\2023-11-16 02 - USA - Utah - Needles Overlook.gpx","2023-11-16T17:01:28Z","2023-11-16T23:59:27Z","9639"
"2023\2023-11 - USA - Utah - Moab, Monument Valley\2023-11-16 03 - USA - Utah - Colorado River Canyon.gpx","2023-11-16T23:59:34Z","2023-11-17T00:08:46Z","494"
"2023\2023-11 - USA - Utah - Moab, Monument Valley\2023-11-17 - USA - Utah - Monument Valley.gpx","2023-11-17T13:54:57Z","2023-11-18T00:44:37Z","18387"
"2023\2023-11 - USA - Utah - Moab, Monument Valley\2023-11-18 - USA - Utah - Monument Valley.gpx","2023-11-18T14:14:36Z","2023-11-18T19:08:54Z","16005"
"2024\2024-09 - NM & CO & UT\2024-09-28 - NM - ABQ - Sandia Heights.gpx","2024-09-28T22:41:38Z","2024-09-28T23:40:32Z","3348"
"2024\2024-09 - NM & CO & UT\2024-09-29 - ABQ - NW Suburbs, Sandia Tram.gpx","2024-09-29T15:37:32Z","2024-09-29T20:03:23Z","6750"
"2024\2024-09 - NM & CO & UT\2024-09-30 - US - NM - Santa Fe.gpx","2024-09-30T14:46:29Z","2024-09-30T19:30:39Z","16474"
"2024\2024-09 - NM & CO & UT\2024-10-01 - US - NM-CO - Santa Fe to Durango.gpx","2024-10-01T15:34:36Z","2024-10-02T01:46:42Z","27043"
"2024\2024-09 - NM & CO & UT\2024-10-02 - US - Colorado - Durango.gpx","2024-10-02T14:36:58Z","2024-10-02T21:42:08Z","22520"
"2024\2024-09 - NM & CO & UT\2024-10-03 - US - Colorado - Durango.gpx","2024-10-03T22:15:31Z","2024-10-04T00:44:32Z","8851"
"2024\2024-09 - NM & CO & UT\2024-10-04 - US - Colorado - Mesa Verde - Telluride.gpx","2024-10-04T14:54:44Z","2024-10-05T00:30:45Z","23204"
"2024\2024-09 - NM & CO & UT\2024-10-05 - US - Colorado-Utah - Telluride to Moab.gpx","2024-10-05T14:26:36Z","2024-10-06T02:08:13Z","26220"
"2024\2024-09 - NM & CO & UT\2024-10-06 - US - Utah - Moab.gpx","2024-10-06T12:51:11Z","2024-10-07T04:17:09Z","41505"
"2025\2025-01 - MX - Cabo San Lucas\2025-01-19 - MX - Cabo - Whale Watching.gpx","2025-01-19T16:13:23Z","2025-01-19T22:38:45Z","18480"
"2025\2025-01 - MX - Cabo San Lucas\2025-01-20 - MX - Cabo - Food Tour.gpx","2025-01-20T18:19:19Z","2025-01-20T23:15:12Z","10500"
"2025\2025-01 - MX - Cabo San Lucas\2025-01-21 - MX - Cabo - Sunset Cruise.gpx","2025-01-21T23:45:26Z","2025-01-22T03:12:11Z","7985"
"2025\2025-03 - Australia & New Zealand\2025-03-10 - AU - Sydney - Sydney Photo Tour.gpx","2025-03-10T05:21:38Z","2025-03-10T08:25:36Z","6302"
"2025\2025-03 - Australia & New Zealand\2025-03-11 - AU - Sydney - Sydney Harbor Walk.gpx","2025-03-10T22:48:07Z","2025-03-11T01:25:42Z","5240"
"2025\2025-03 - Australia & New Zealand\2025-03-12 - AU - Sydney - Leaving Sydney Harbor.gpx","2025-03-12T05:22:12Z","2025-03-12T06:21:33Z","2585"
"2025\2025-03 - Australia & New Zealand\2025-03 - NZ Cruise - Sailing Segments.gpx","2025-03-12T09:05:51Z","2025-03-22T09:23:14Z","42515"
"2025\2025-03 - Australia & New Zealand\2025-03-16 - NZ - Otago - Dunedin Harbor Cruise.gpx","2025-03-15T20:29:46Z","2025-03-15T22:54:43Z","8033"
"2025\2025-03 - Australia & New Zealand\2025-03-19 - NZ - Napier Excursion.gpx","2025-03-18T23:42:40Z","2025-03-19T02:51:58Z","3414"
"2025\2025-03 - Australia & New Zealand\2025-03-20 - NZ - Tauranga Harbor Cruise.gpx","2025-03-19T21:06:46Z","2025-03-20T00:29:24Z","9870"
"2025\2025-03 - Australia & New Zealand\2025-03-21 - NZ - Auckland.gpx","2025-03-20T21:28:08Z","2025-03-21T10:35:58Z","18091"
"2025\2025-03 - Australia & New Zealand\2025-03-22 - NZ - Bay of Islands.gpx","2025-03-21T20:40:40Z","2025-03-22T02:07:15Z","17932"
"2025\2025-09 - Malta, Sorrento\2025-09-14 - Valletta Walking Tour.gpx","2025-09-14T07:49:55Z","2025-09-14T10:48:12Z","7250"
"2025\2025-09 - Malta, Sorrento\2025-09-17 - Malta Car Tour.gpx","2025-09-17T08:03:42Z","2025-09-17T12:54:07Z","10615"
"2025\2025-09 - Malta, Sorrento\2025-09-18 - Valletta City Walk.gpx","2025-09-18T06:50:02Z","2025-09-18T07:39:52Z","2247"
"2025\2025-09 - Malta, Sorrento\2025-09-19 - Valletta Harbor Tour.gpx","2025-09-19T07:38:28Z","2025-09-19T10:30:34Z","9520"
"2025\2025-09 - Malta, Sorrento\2025-09-20 - Rome to Sorrento Drive.gpx","2025-09-20T07:45:16Z","2025-09-20T13:52:01Z","15621"
"2025\2025-09 - Malta, Sorrento\2025-09-21 - Amalfi Drive.gpx","2025-09-21T07:24:40Z","2025-09-21T15:06:39Z","18932"
"2025\2025-09 - Malta, Sorrento\2025-09-24 - Sorrento to Rome Drive.gpx","2025-09-24T09:03:43Z","2025-09-24T13:24:19Z","11557"
"2025\2025-11 - USA, WY, Jackson\2025-11-23 - MT & WY - Bozeman to Yellowstone.gpx","2025-11-23T20:06:46Z","2025-11-24T01:03:38Z","16122"
"2025\2025-11 - USA, WY, Jackson\2025-11-24 - WY - Jackson.gpx","2025-11-24T17:11:49Z","2025-11-24T21:57:05Z","15157"
"2026\2026-01 - Caribbean Cruise\2026-01-17 - St. Lucia.gpx","2026-01-17T12:42:48Z","2026-01-17T17:46:42Z","14924"
"2026\2026-01 - Caribbean Cruise\2026-01-19 - Dominica.gpx","2026-01-19T12:37:05Z","2026-01-19T16:49:33Z","14373"
"2026\2026-01 - Caribbean Cruise\2026-01-20 - St. Kitts and Nevis.gpx","2026-01-20T14:03:25Z","2026-01-20T19:40:34Z","13882"
"2026\2026-07 - Alaska\2026-07-15 - 01 - Flight, Anchorage to Redoubt Bay.gpx","2026-07-15T20:36:00Z","2026-07-15T21:51:18Z","3380"
"2026\2026-07 - Alaska\2026-07-15 - 02 - Redoubt Bay - Afternoon Excursion.gpx","2026-07-15T22:24:47Z","2026-07-16T01:13:25Z","10095"
"2026\2026-07 - Alaska\2026-07-15 - 03 - Redoubt Bay - Evening Excursion.gpx","2026-07-16T04:09:23Z","2026-07-16T06:26:59Z","8239"
"2026\2026-07 - Alaska\2026-07-16 - 01 - Redoubt Bay - Morning Excursion.gpx","2026-07-16T18:08:31Z","2026-07-16T21:49:44Z","12602"
"2026\2026-07 - Alaska\2026-07-16 - 02 - Redoubt Bay - Evening Excursion.gpx","2026-07-17T04:08:20Z","2026-07-17T05:56:27Z","6196"
"2026\2026-07 - Alaska\2026-07-17 - 01 - Flight, Redoubt Bay to Anchorage.gpx","2026-07-17T21:57:54Z","2026-07-17T23:57:17Z","4768"
